{"train_losses": [0.49886471638455987, 0.20399572735186666, 0.1329042537836358, 0.09075211550225504, 0.07966736870002933, 0.0646242670918582, 0.05309832094644662, 0.05196204142703209, 0.05637154263968114, 0.052050982834771276, 0.045033994130790234, 0.05262352140925941, 0.03841033277785755, 0.035313711403432535, 0.04441701653558994, 0.036031959043612005, 0.04056155642183512, 0.03733556120823778, 0.020444879941351246, 0.031471744821828906, 0.028025356097714393, 0.02711941330562695, 0.03977646403291146, 0.03112461822820478, 0.027593041224463377, 0.0280177907743564, 0.02261488538897538, 0.02263339628552785, 0.029119928130057815, 0.026518485514316126], "train_accuracies": [79.43786982248521, 94.72386587771203, 95.41420118343196, 97.18934911242603, 97.18934911242603, 97.83037475345168, 98.12623274161736, 98.17554240631164, 98.17554240631164, 98.17554240631164, 98.76725838264299, 98.12623274161736, 98.81656804733728, 98.66863905325444, 98.57001972386588, 98.71794871794872, 98.76725838264299, 98.57001972386588, 99.70414201183432, 98.86587771203156, 99.0138067061144, 99.21104536489152, 98.57001972386588, 98.81656804733728, 99.11242603550296, 99.0138067061144, 99.40828402366864, 99.16173570019724, 99.2603550295858, 99.0138067061144], "validation_losses": [0.27840769019993866, 0.13123661110346968, 0.10084749673577872, 0.06263902330432426, 0.062200244875963435, 0.05333982333964245, 0.06521401336331936, 0.047054693483832205, 0.04381036669523879, 0.046173793972808526, 0.034259661714631046, 0.04156116972047708, 0.029443415998354216, 0.030320147761482407, 0.02745016710832715, 0.02542865117588504, 0.0251545998246663, 0.02784954134734686, 0.021091892164391043, 0.03411773471055891, 0.03112920469853138, 0.03468506219161844, 0.02742002811282873, 0.021834405821705746, 0.022630340176295827, 0.02720996188343799, 0.023758500028634444, 0.023051073683745926, 0.018774876938550733, 0.04182114577170895], "validation_accuracies": [93.34319526627219, 96.15384615384616, 96.30177514792899, 98.07692307692308, 98.07692307692308, 98.22485207100591, 97.7810650887574, 98.37278106508876, 98.52071005917159, 98.52071005917159, 98.81656804733728, 98.96449704142012, 98.66863905325444, 98.81656804733728, 99.11242603550296, 99.2603550295858, 98.96449704142012, 99.2603550295858, 99.11242603550296, 98.81656804733728, 99.40828402366864, 98.52071005917159, 99.2603550295858, 98.66863905325444, 99.2603550295858, 98.81656804733728, 98.96449704142012, 98.96449704142012, 99.40828402366864, 98.22485207100591], "classes": ["Healthy corn", "Infected"]}