{"train_losses": [0.4808921031653881, 0.1775354299461469, 0.11978939035907388, 0.09744182831491344, 0.08255405793897808, 0.07184610039985273, 0.07392561214510351, 0.06754756207374157, 0.05371333236689679, 0.05682511893246556, 0.04955793332919711, 0.04773247257980984, 0.05234178101454745, 0.035581928543251706, 0.04354165124823339, 0.058153389785729814, 0.05109275500581134, 0.04363559225748759, 0.043117290901136585, 0.04108157817245228, 0.03319492284572334, 0.03780551069394278, 0.03759254955002689, 0.03610288460731681, 0.035275218260721886, 0.043064026220235974, 0.04181756378602586, 0.027300598401780007, 0.032620023443996615, 0.025830828408288653], "train_accuracies": [77.31755424063117, 95.06903353057199, 96.44970414201184, 96.89349112426035, 97.58382642998028, 97.92899408284023, 97.14003944773175, 98.0276134122288, 98.32347140039448, 98.12623274161736, 98.2741617357002, 98.2741617357002, 98.32347140039448, 98.81656804733728, 98.66863905325444, 98.32347140039448, 98.57001972386588, 98.42209072978304, 98.2741617357002, 98.71794871794872, 98.81656804733728, 98.76725838264299, 98.66863905325444, 98.71794871794872, 98.86587771203156, 98.66863905325444, 98.61932938856016, 99.06311637080867, 99.0138067061144, 99.11242603550296], "validation_losses": [0.2257536080750552, 0.10832328721880913, 0.09486053257503292, 0.06001691888509826, 0.05387995051304725, 0.05821242682974447, 0.049130958039313555, 0.04135265448977324, 0.050531340720639986, 0.045093196274882015, 0.032291077860546386, 0.04544482215053656, 0.026898870593868196, 0.029240400392816147, 0.03805182247676633, 0.030818709923716433, 0.04177639021707529, 0.023130124201998115, 0.041518707790105094, 0.03154803344725885, 0.021270336969543925, 0.024430494967170736, 0.016804913513955067, 0.038225194952577694, 0.02425170308296484, 0.028692024474201553, 0.02761403601404957, 0.02264326849994673, 0.035103600839978426, 0.026232800377659838], "validation_accuracies": [95.41420118343196, 97.63313609467455, 97.48520710059172, 98.07692307692308, 98.52071005917159, 97.7810650887574, 98.07692307692308, 98.96449704142012, 98.66863905325444, 98.22485207100591, 99.2603550295858, 98.66863905325444, 99.11242603550296, 98.96449704142012, 98.52071005917159, 98.96449704142012, 98.96449704142012, 99.2603550295858, 98.37278106508876, 99.11242603550296, 99.2603550295858, 99.40828402366864, 99.40828402366864, 98.66863905325444, 99.11242603550296, 99.2603550295858, 98.96449704142012, 99.55621301775147, 98.96449704142012, 99.11242603550296], "classes": ["Healthy corn", "Infected"]}