{"train_losses": [0.2825238962250296, 0.0682659129233798, 0.08016926686104853, 0.05220576942519983, 0.03613782386855746, 0.04046691468465724, 0.028216454212270037, 0.03679361124704883, 0.019032238253203104, 0.025496454125459422, 0.03646686522552045, 0.02557413593331148, 0.011851353688598465, 0.015782203908202064, 0.01692066180612528, 0.016089718157218158, 0.03883234973955041, 0.027074162158896797, 0.020181813405997673, 0.028082135994736745, 0.019035663343856868, 0.033308778566151886, 0.01606815481841295, 0.01919020015566275, 0.01592607710881566, 0.01765633716922821, 0.0209311677867845, 0.011829347655748279, 0.02016074511811894, 0.011416588823522034], "train_accuracies": [88.01775147928994, 97.58382642998028, 96.7948717948718, 97.92899408284023, 98.61932938856016, 98.52071005917159, 99.06311637080867, 98.42209072978304, 99.30966469428007, 99.30966469428007, 98.57001972386588, 99.16173570019724, 99.55621301775147, 99.5069033530572, 99.40828402366864, 99.65483234714004, 98.91518737672584, 99.06311637080867, 99.45759368836292, 99.21104536489152, 99.45759368836292, 99.11242603550296, 99.45759368836292, 99.55621301775147, 99.35897435897436, 99.60552268244577, 99.55621301775147, 99.60552268244577, 99.2603550295858, 99.5069033530572], "validation_losses": [0.07745604200119321, 0.06572187575511634, 0.03815112422770736, 0.03176790692272003, 0.01811742457225178, 0.027767912758546034, 0.016576553520280868, 0.02645625128537755, 0.024480368889106267, 0.011674614972104213, 0.02440071199618449, 0.02216009472613223, 0.018284623418532483, 0.01614851677996657, 0.029616139405499616, 0.018393160414151764, 0.01952483228788796, 0.01464857334609736, 0.0164800988846268, 0.025875540704212406, 0.012152706476626918, 0.026540217552172344, 0.018603661661803595, 0.010400024683225307, 0.011966573147881056, 0.018109414783380504, 0.015777421738179823, 0.011175090266492176, 0.014547589282115454, 0.0069428262439197915], "validation_accuracies": [97.48520710059172, 97.7810650887574, 98.37278106508876, 98.81656804733728, 99.40828402366864, 98.96449704142012, 99.40828402366864, 98.66863905325444, 98.96449704142012, 99.40828402366864, 99.11242603550296, 98.96449704142012, 99.40828402366864, 99.55621301775147, 98.66863905325444, 99.55621301775147, 99.70414201183432, 99.55621301775147, 99.2603550295858, 98.81656804733728, 99.55621301775147, 98.96449704142012, 99.40828402366864, 99.70414201183432, 99.55621301775147, 99.55621301775147, 99.55621301775147, 99.70414201183432, 99.70414201183432, 99.55621301775147], "classes": ["Healthy corn", "Infected"]}