{"train_losses": [0.3059266386553645, 0.19201114584575407, 0.12266548050683923, 0.10541383721283637, 0.09605601013754494, 0.0859384508075891, 0.09353934730825131, 0.07288475820678286, 0.07350079507341434, 0.07169132902708952, 0.07040824315481586, 0.07403045793216734, 0.046312395064887824, 0.05163986107254459, 0.039448023503609875, 0.07066817340091802, 0.05864502981694386, 0.061306839907047106, 0.039754292331053875, 0.06269908160538762, 0.041749779963993205, 0.040877019338040554, 0.029878436182116275, 0.045583238568951856, 0.025659897656623798, 0.024892183118936373, 0.05120148157357107, 0.045025072678981815, 0.024123266814513045, 0.04267734769564413], "train_accuracies": [86.98224852071006, 92.35700197238658, 95.51282051282051, 96.44970414201184, 96.15384615384616, 96.69625246548324, 96.49901380670612, 97.0414201183432, 97.63313609467455, 97.63313609467455, 97.18934911242603, 97.68244575936883, 98.37278106508876, 97.92899408284023, 98.32347140039448, 97.534516765286, 97.73175542406311, 97.87968441814596, 98.52071005917159, 98.07692307692308, 98.37278106508876, 98.66863905325444, 99.21104536489152, 98.52071005917159, 99.0138067061144, 99.16173570019724, 97.97830374753451, 98.42209072978304, 99.2603550295858, 98.52071005917159], "validation_losses": [0.17885569991035896, 0.13817664405161684, 0.1033186385069381, 0.08548292382196947, 0.09364245205440304, 0.07099108867855235, 0.1764910455623811, 0.10007424316030335, 0.07341081649065018, 0.07701909948479045, 0.06927581278564916, 0.06809104464694181, 0.07811183992387007, 0.04980577073398639, 0.06399039544207467, 0.05810612874020907, 0.04614024321463975, 0.04362138059117238, 0.0621715409533036, 0.06897781759669835, 0.09254148778166961, 0.03985529687700116, 0.08002568612573668, 0.044415190487846055, 0.0465305486604021, 0.09126025115256198, 0.03273073062089018, 0.05067083434286443, 0.09960965554505079, 0.04736345053904436], "validation_accuracies": [93.04733727810651, 94.0828402366864, 95.71005917159763, 97.0414201183432, 96.59763313609467, 97.33727810650888, 93.49112426035504, 95.41420118343196, 97.63313609467455, 96.74556213017752, 98.07692307692308, 97.63313609467455, 96.89349112426035, 98.07692307692308, 97.7810650887574, 97.7810650887574, 98.07692307692308, 98.22485207100591, 97.48520710059172, 97.48520710059172, 96.74556213017752, 98.37278106508876, 97.63313609467455, 98.52071005917159, 98.52071005917159, 98.07692307692308, 98.37278106508876, 98.96449704142012, 96.89349112426035, 98.37278106508876], "classes": ["Healthy corn", "Infected"]}