{"train_losses": [0.27386358490912244, 0.07632874546106905, 0.06832607509568334, 0.05101808562176302, 0.058805078333534766, 0.04116613416772452, 0.047948957013431937, 0.029575720875072875, 0.022841326224806835, 0.0332869619342091, 0.028426812217730912, 0.027795012098067673, 0.024169681840248813, 0.028881137382995803, 0.026384183721347654, 0.032896550284931436, 0.010744723734205763, 0.020643623995965754, 0.01536751527078195, 0.013585787506826819, 0.01876256204513993, 0.01748864542969386, 0.022176086562922137, 0.008768087889848175, 0.007614082611326012, 0.010693410233898248, 0.015975089738731185, 0.015812180014563637, 0.014543635552399792, 0.013654659802341484], "train_accuracies": [90.03944773175543, 97.68244575936883, 97.48520710059172, 98.37278106508876, 97.7810650887574, 98.37278106508876, 98.0276134122288, 98.86587771203156, 99.2603550295858, 98.81656804733728, 99.0138067061144, 99.0138067061144, 99.11242603550296, 99.06311637080867, 99.30966469428007, 98.81656804733728, 99.7534516765286, 99.21104536489152, 99.5069033530572, 99.60552268244577, 99.40828402366864, 99.55621301775147, 99.21104536489152, 99.70414201183432, 99.70414201183432, 99.70414201183432, 99.40828402366864, 99.5069033530572, 99.55621301775147, 99.55621301775147], "validation_losses": [0.09057992527430708, 0.04929391502148726, 0.04200107972560958, 0.03876954647289081, 0.02868551754562015, 0.030782979087565433, 0.03958916331810707, 0.020763372437531045, 0.02088289224775508, 0.024218855087052692, 0.029178322303447534, 0.02482052199775353, 0.036803197576029394, 0.011182404593538113, 0.016322439090634525, 0.031175777529411294, 0.028890045335257044, 0.024221518775448203, 0.029182470458512067, 0.01844112778780982, 0.01088261045250957, 0.01243541524904272, 0.011197601859996874, 0.00939013622998821, 0.012314586470562393, 0.021137971674100052, 0.03438227199314332, 0.011546275272849016, 0.018656636493026534, 0.007818958040099295], "validation_accuracies": [96.89349112426035, 98.81656804733728, 98.66863905325444, 98.07692307692308, 98.96449704142012, 98.66863905325444, 98.66863905325444, 99.55621301775147, 99.55621301775147, 98.96449704142012, 98.66863905325444, 99.40828402366864, 98.66863905325444, 99.55621301775147, 99.40828402366864, 98.96449704142012, 99.11242603550296, 99.2603550295858, 99.11242603550296, 99.40828402366864, 99.70414201183432, 99.55621301775147, 99.55621301775147, 99.85207100591715, 99.85207100591715, 98.81656804733728, 98.66863905325444, 99.70414201183432, 99.55621301775147, 99.85207100591715], "classes": ["Healthy corn", "Infected"]}